IndividualID,IndividualDegree,IndividualBetweenness,ColonyID,Date,FoodType,Treatment,GroupSize,ConditionCompiled,NumberWorkers,Group ID,
77,8,17.41904762,Networks-10-26-1,26-Oct-21,C,B,S,CBS,18,1,
142,1,0,Networks-10-26-1,26-Oct-21,C,B,S,CBS,18,1,
171,6,5.69047619,Networks-10-26-1,26-Oct-21,C,B,S,CBS,18,1,
235,6,15.92380952,Networks-10-26-1,26-Oct-21,C,B,S,CBS,18,1,
367,7,20.0952381,Networks-10-26-1,26-Oct-21,C,B,S,CBS,18,1,
386,6,34.91666667,Networks-10-26-1,26-Oct-21,C,B,S,CBS,18,1,
392,1,0,Networks-10-26-1,26-Oct-21,C,B,S,CBS,18,1,
2654,8,10.6452381,Networks-10-26-1,26-Oct-21,C,B,S,CBS,18,1,
2687,8,22.92380952,Networks-10-26-1,26-Oct-21,C,B,S,CBS,18,1,
2769,5,4.166666667,Networks-10-26-1,26-Oct-21,C,B,S,CBS,18,1,
2778,5,7.528571429,Networks-10-26-1,26-Oct-21,C,B,S,CBS,18,1,
3532,5,1.583333333,Networks-10-26-1,26-Oct-21,C,B,S,CBS,18,1,
3559,4,3.35,Networks-10-26-1,26-Oct-21,C,B,S,CBS,18,1,
3562,7,6.007142857,Networks-10-26-1,26-Oct-21,C,B,S,CBS,18,1,
3602,4,0.25,Networks-10-26-1,26-Oct-21,C,B,S,CBS,18,1,
3607,2,0,Networks-10-26-1,26-Oct-21,C,B,S,CBS,18,1,
3613,3,0.5,Networks-10-26-1,26-Oct-21,C,B,S,CBS,18,1,
3635,2,16,Networks-10-26-1,26-Oct-21,C,B,S,CBS,18,1,
77,10,1.453571429,Networks-10-28-1,28-Oct-21,C,T,S,CTS,18,1,
171,8,2.11468254,Networks-10-28-1,28-Oct-21,C,T,S,CTS,18,1,
235,10,2.133730159,Networks-10-28-1,28-Oct-21,C,T,S,CTS,18,1,
367,12,3.064285714,Networks-10-28-1,28-Oct-21,C,T,S,CTS,18,1,
386,12,4.848015873,Networks-10-28-1,28-Oct-21,C,T,S,CTS,18,1,
392,5,0.652380952,Networks-10-28-1,28-Oct-21,C,T,S,CTS,18,1,
2654,12,3.913095238,Networks-10-28-1,28-Oct-21,C,T,S,CTS,18,1,
2687,14,7.953968254,Networks-10-28-1,28-Oct-21,C,T,S,CTS,18,1,
2769,9,0.632936508,Networks-10-28-1,28-Oct-21,C,T,S,CTS,18,1,
2778,12,4.045238095,Networks-10-28-1,28-Oct-21,C,T,S,CTS,18,1,
3532,9,0.957936508,Networks-10-28-1,28-Oct-21,C,T,S,CTS,18,1,
3559,9,1.192460317,Networks-10-28-1,28-Oct-21,C,T,S,CTS,18,1,
3562,7,0.807539683,Networks-10-28-1,28-Oct-21,C,T,S,CTS,18,1,
3602,14,5.045634921,Networks-10-28-1,28-Oct-21,C,T,S,CTS,18,1,
3607,9,3.385714286,Networks-10-28-1,28-Oct-21,C,T,S,CTS,18,1,
3613,12,3.494444444,Networks-10-28-1,28-Oct-21,C,T,S,CTS,18,1,
3635,10,3.304365079,Networks-10-28-1,28-Oct-21,C,T,S,CTS,18,1,
77,7,3.576190476,Networks-11-1-1,1-Nov-21,C,B,S,CBS,17,1,
142,5,1.366666667,Networks-11-1-1,1-Nov-21,C,B,S,CBS,17,1,
171,8,5.881818182,Networks-11-1-1,1-Nov-21,C,B,S,CBS,17,1,
235,10,6.692857143,Networks-11-1-1,1-Nov-21,C,B,S,CBS,17,1,
367,6,2.157575758,Networks-11-1-1,1-Nov-21,C,B,S,CBS,17,1,
386,8,5.139393939,Networks-11-1-1,1-Nov-21,C,B,S,CBS,17,1,
392,5,2.139393939,Networks-11-1-1,1-Nov-21,C,B,S,CBS,17,1,
2654,10,6.90952381,Networks-11-1-1,1-Nov-21,C,B,S,CBS,17,1,
2687,10,11.31515152,Networks-11-1-1,1-Nov-21,C,B,S,CBS,17,1,
2769,9,6.972727273,Networks-11-1-1,1-Nov-21,C,B,S,CBS,17,1,
2778,10,11.98939394,Networks-11-1-1,1-Nov-21,C,B,S,CBS,17,1,
3532,5,0.342857143,Networks-11-1-1,1-Nov-21,C,B,S,CBS,17,1,
3559,5,0.142857143,Networks-11-1-1,1-Nov-21,C,B,S,CBS,17,1,
3562,5,0.5,Networks-11-1-1,1-Nov-21,C,B,S,CBS,17,1,
3602,8,3.558008658,Networks-11-1-1,1-Nov-21,C,B,S,CBS,17,1,
3607,9,6.482251082,Networks-11-1-1,1-Nov-21,C,B,S,CBS,17,1,
3635,4,0.833333333,Networks-11-1-1,1-Nov-21,C,B,S,CBS,17,1,
77,6,0.45,Networks-11-12-1,12-Nov-21,C,T,S,CTS,16,1,
171,9,2.126190476,Networks-11-12-1,12-Nov-21,C,T,S,CTS,16,1,
357,10,4.528968254,Networks-11-12-1,12-Nov-21,C,T,S,CTS,16,1,
359,11,4.286111111,Networks-11-12-1,12-Nov-21,C,T,S,CTS,16,1,
367,8,1.277777778,Networks-11-12-1,12-Nov-21,C,T,S,CTS,16,1,
386,8,1.269444444,Networks-11-12-1,12-Nov-21,C,T,S,CTS,16,1,
392,12,6.687301587,Networks-11-12-1,12-Nov-21,C,T,S,CTS,16,1,
2654,12,9.901190476,Networks-11-12-1,12-Nov-21,C,T,S,CTS,16,1,
2687,9,3.703968254,Networks-11-12-1,12-Nov-21,C,T,S,CTS,16,1,
2769,9,2.001190476,Networks-11-12-1,12-Nov-21,C,T,S,CTS,16,1,
2778,3,0,Networks-11-12-1,12-Nov-21,C,T,S,CTS,16,1,
3562,11,3.728968254,Networks-11-12-1,12-Nov-21,C,T,S,CTS,16,1,
3607,6,0.366666667,Networks-11-12-1,12-Nov-21,C,T,S,CTS,16,1,
3609,8,1.436111111,Networks-11-12-1,12-Nov-21,C,T,S,CTS,16,1,
3635,6,0.236111111,Networks-11-12-1,12-Nov-21,C,T,S,CTS,16,1,
77,10,3.211111111,Networks-11-16-1,16-Nov-21,C,T,S,CTS,16,1,
142,6,0.236111111,Networks-11-16-1,16-Nov-21,C,T,S,CTS,16,1,
171,11,2.716269841,Networks-11-16-1,16-Nov-21,C,T,S,CTS,16,1,
357,6,0.745634921,Networks-11-16-1,16-Nov-21,C,T,S,CTS,16,1,
359,14,9.632936508,Networks-11-16-1,16-Nov-21,C,T,S,CTS,16,1,
367,7,0.111111111,Networks-11-16-1,16-Nov-21,C,T,S,CTS,16,1,
386,7,1.902777778,Networks-11-16-1,16-Nov-21,C,T,S,CTS,16,1,
392,9,1.221825397,Networks-11-16-1,16-Nov-21,C,T,S,CTS,16,1,
2654,12,7.553968254,Networks-11-16-1,16-Nov-21,C,T,S,CTS,16,1,
2687,9,0.674603175,Networks-11-16-1,16-Nov-21,C,T,S,CTS,16,1,
2769,4,0.2,Networks-11-16-1,16-Nov-21,C,T,S,CTS,16,1,
2778,9,2.344444444,Networks-11-16-1,16-Nov-21,C,T,S,CTS,16,1,
3562,9,2.961111111,Networks-11-16-1,16-Nov-21,C,T,S,CTS,16,1,
3607,10,2.088492063,Networks-11-16-1,16-Nov-21,C,T,S,CTS,16,1,
3609,11,2.399603175,Networks-11-16-1,16-Nov-21,C,T,S,CTS,16,1,
77,9,0.68452381,Networks-11-19-1,19-Nov-21,C,B,S,CBS,16,1,
171,11,2.236904762,Networks-11-19-1,19-Nov-21,C,B,S,CBS,16,1,
357,13,3.759920635,Networks-11-19-1,19-Nov-21,C,B,S,CBS,16,1,
359,13,3.759920635,Networks-11-19-1,19-Nov-21,C,B,S,CBS,16,1,
367,8,0.93968254,Networks-11-19-1,19-Nov-21,C,B,S,CBS,16,1,
386,9,0.85515873,Networks-11-19-1,19-Nov-21,C,B,S,CBS,16,1,
392,12,2.600396825,Networks-11-19-1,19-Nov-21,C,B,S,CBS,16,1,
2654,9,1.269047619,Networks-11-19-1,19-Nov-21,C,B,S,CBS,16,1,
2769,7,0.43452381,Networks-11-19-1,19-Nov-21,C,B,S,CBS,16,1,
2778,10,2.138095238,Networks-11-19-1,19-Nov-21,C,B,S,CBS,16,1,
3562,9,1.231349206,Networks-11-19-1,19-Nov-21,C,B,S,CBS,16,1,
3607,10,1.36468254,Networks-11-19-1,19-Nov-21,C,B,S,CBS,16,1,
3609,9,1.18015873,Networks-11-19-1,19-Nov-21,C,B,S,CBS,16,1,
3635,7,0.545634921,Networks-11-19-1,19-Nov-21,C,B,S,CBS,16,1,
3235,11,12.91025666,Networks-11-22-1,22-Nov-21,C,B,L,CBL,30,2,
3237,4,1.364718615,Networks-11-22-1,22-Nov-21,C,B,L,CBL,30,2,
3265,7,5.792507493,Networks-11-22-1,22-Nov-21,C,B,L,CBL,30,2,
3270,9,12.04871224,Networks-11-22-1,22-Nov-21,C,B,L,CBL,30,2,
3310,14,26.87083456,Networks-11-22-1,22-Nov-21,C,B,L,CBL,30,2,
3328,3,0,Networks-11-22-1,22-Nov-21,C,B,L,CBL,30,2,
3333,9,6.976977026,Networks-11-22-1,22-Nov-21,C,B,L,CBL,30,2,
3338,15,46.4009049,Networks-11-22-1,22-Nov-21,C,B,L,CBL,30,2,
3360,10,10.57738177,Networks-11-22-1,22-Nov-21,C,B,L,CBL,30,2,
3361,7,5.761238761,Networks-11-22-1,22-Nov-21,C,B,L,CBL,30,2,
3427,10,8.164720002,Networks-11-22-1,22-Nov-21,C,B,L,CBL,30,2,
3428,4,0.694444444,Networks-11-22-1,22-Nov-21,C,B,L,CBL,30,2,
3430,3,2.102453102,Networks-11-22-1,22-Nov-21,C,B,L,CBL,30,2,
3433,5,1.272630148,Networks-11-22-1,22-Nov-21,C,B,L,CBL,30,2,
3435,8,16.78660645,Networks-11-22-1,22-Nov-21,C,B,L,CBL,30,2,
3437,5,2.533874459,Networks-11-22-1,22-Nov-21,C,B,L,CBL,30,2,
3457,8,8.301880064,Networks-11-22-1,22-Nov-21,C,B,L,CBL,30,2,
3462,11,8.854416417,Networks-11-22-1,22-Nov-21,C,B,L,CBL,30,2,
3465,12,27.71712797,Networks-11-22-1,22-Nov-21,C,B,L,CBL,30,2,
3470,4,0.726190476,Networks-11-22-1,22-Nov-21,C,B,L,CBL,30,2,
3471,10,11.79919688,Networks-11-22-1,22-Nov-21,C,B,L,CBL,30,2,
3488,18,57.78919993,Networks-11-22-1,22-Nov-21,C,B,L,CBL,30,2,
3492,9,5.866519592,Networks-11-22-1,22-Nov-21,C,B,L,CBL,30,2,
3493,10,10.07362164,Networks-11-22-1,22-Nov-21,C,B,L,CBL,30,2,
3502,6,2.795321345,Networks-11-22-1,22-Nov-21,C,B,L,CBL,30,2,
3527,5,0.476190476,Networks-11-22-1,22-Nov-21,C,B,L,CBL,30,2,
3528,8,1.108308358,Networks-11-22-1,22-Nov-21,C,B,L,CBL,30,2,
3529,5,4.233766234,Networks-11-22-1,22-Nov-21,C,B,L,CBL,30,2,
1,17,2.243803152,Networks-11-30-1,30-Nov-21,C,B,L,CBL,29,3,
18,9,1.321205184,Networks-11-30-1,30-Nov-21,C,B,L,CBL,29,3,
77,18,2.68203257,Networks-11-30-1,30-Nov-21,C,B,L,CBL,29,3,
357,15,3.458056546,Networks-11-30-1,30-Nov-21,C,B,L,CBL,29,3,
2783,21,5.061663582,Networks-11-30-1,30-Nov-21,C,B,L,CBL,29,3,
2815,15,2.139698107,Networks-11-30-1,30-Nov-21,C,B,L,CBL,29,3,
3235,24,8.384718713,Networks-11-30-1,30-Nov-21,C,B,L,CBL,29,3,
3237,27,9.347476685,Networks-11-30-1,30-Nov-21,C,B,L,CBL,29,3,
3265,20,5.350792916,Networks-11-30-1,30-Nov-21,C,B,L,CBL,29,3,
3268,21,4.827561572,Networks-11-30-1,30-Nov-21,C,B,L,CBL,29,3,
3270,20,4.328696957,Networks-11-30-1,30-Nov-21,C,B,L,CBL,29,3,
3310,25,7.080852623,Networks-11-30-1,30-Nov-21,C,B,L,CBL,29,3,
3328,11,1.581634052,Networks-11-30-1,30-Nov-21,C,B,L,CBL,29,3,
3329,19,2.047968535,Networks-11-30-1,30-Nov-21,C,B,L,CBL,29,3,
3333,13,1.306091028,Networks-11-30-1,30-Nov-21,C,B,L,CBL,29,3,
3360,18,3.979700691,Networks-11-30-1,30-Nov-21,C,B,L,CBL,29,3,
3428,21,3.480935465,Networks-11-30-1,30-Nov-21,C,B,L,CBL,29,3,
3430,20,4.443763894,Networks-11-30-1,30-Nov-21,C,B,L,CBL,29,3,
3435,17,2.249449467,Networks-11-30-1,30-Nov-21,C,B,L,CBL,29,3,
3437,24,8.660333844,Networks-11-30-1,30-Nov-21,C,B,L,CBL,29,3,
3457,24,8.370280781,Networks-11-30-1,30-Nov-21,C,B,L,CBL,29,3,
3462,18,2.880448044,Networks-11-30-1,30-Nov-21,C,B,L,CBL,29,3,
3467,21,5.002996329,Networks-11-30-1,30-Nov-21,C,B,L,CBL,29,3,
3471,20,3.123395782,Networks-11-30-1,30-Nov-21,C,B,L,CBL,29,3,
3488,24,7.032255795,Networks-11-30-1,30-Nov-21,C,B,L,CBL,29,3,
3492,23,5.622289535,Networks-11-30-1,30-Nov-21,C,B,L,CBL,29,3,
3522,18,3.093720882,Networks-11-30-1,30-Nov-21,C,B,L,CBL,29,3,
3528,22,3.994212057,Networks-11-30-1,30-Nov-21,C,B,L,CBL,29,3,
3562,17,1.903965213,Networks-11-30-1,30-Nov-21,C,B,L,CBL,29,3,
77,5,1.116666667,Networks-11-6-1,6-Nov-21,C,T,S,CTS,17,1,
171,8,12.63571429,Networks-11-6-1,6-Nov-21,C,T,S,CTS,17,1,
235,3,1.902380952,Networks-11-6-1,6-Nov-21,C,T,S,CTS,17,1,
367,4,3.411904762,Networks-11-6-1,6-Nov-21,C,T,S,CTS,17,1,
392,6,3.292857143,Networks-11-6-1,6-Nov-21,C,T,S,CTS,17,1,
2654,3,2.166666667,Networks-11-6-1,6-Nov-21,C,T,S,CTS,17,1,
2687,5,2.833333333,Networks-11-6-1,6-Nov-21,C,T,S,CTS,17,1,
2745,1,0,Networks-11-6-1,6-Nov-21,C,T,S,CTS,17,1,
2769,8,14.50357143,Networks-11-6-1,6-Nov-21,C,T,S,CTS,17,1,
2778,7,4.117857143,Networks-11-6-1,6-Nov-21,C,T,S,CTS,17,1,
3532,8,14.98333333,Networks-11-6-1,6-Nov-21,C,T,S,CTS,17,1,
3559,5,17.88571429,Networks-11-6-1,6-Nov-21,C,T,S,CTS,17,1,
3562,5,3.408333333,Networks-11-6-1,6-Nov-21,C,T,S,CTS,17,1,
3607,3,0,Networks-11-6-1,6-Nov-21,C,T,S,CTS,17,1,
3635,5,1.741666667,Networks-11-6-1,6-Nov-21,C,T,S,CTS,17,1,
77,7,2.292857143,Networks-11-8-1,8-Nov-21,C,B,S,CBS,19,1,
171,7,4.242857143,Networks-11-8-1,8-Nov-21,C,B,S,CBS,19,1,
235,9,5.976190476,Networks-11-8-1,8-Nov-21,C,B,S,CBS,19,1,
357,4,0.2,Networks-11-8-1,8-Nov-21,C,B,S,CBS,19,1,
359,11,18.1452381,Networks-11-8-1,8-Nov-21,C,B,S,CBS,19,1,
367,6,4.176190476,Networks-11-8-1,8-Nov-21,C,B,S,CBS,19,1,
386,8,2.916666667,Networks-11-8-1,8-Nov-21,C,B,S,CBS,19,1,
392,7,1.633333333,Networks-11-8-1,8-Nov-21,C,B,S,CBS,19,1,
2687,13,20.4547619,Networks-11-8-1,8-Nov-21,C,B,S,CBS,19,1,
2769,2,0,Networks-11-8-1,8-Nov-21,C,B,S,CBS,19,1,
2778,8,3.383333333,Networks-11-8-1,8-Nov-21,C,B,S,CBS,19,1,
3532,5,0.833333333,Networks-11-8-1,8-Nov-21,C,B,S,CBS,19,1,
3559,4,0.392857143,Networks-11-8-1,8-Nov-21,C,B,S,CBS,19,1,
3562,4,0.4,Networks-11-8-1,8-Nov-21,C,B,S,CBS,19,1,
3607,8,6.992857143,Networks-11-8-1,8-Nov-21,C,B,S,CBS,19,1,
3609,9,4.95,Networks-11-8-1,8-Nov-21,C,B,S,CBS,19,1,
3635,6,2.00952381,Networks-11-8-1,8-Nov-21,C,B,S,CBS,19,1,
18,3,1.333333333,Networks-1-18-1,18-Jan-22,P,T,S,PTS,16,3,
33,3,0.666666667,Networks-1-18-1,18-Jan-22,P,T,S,PTS,16,3,
77,1,0,Networks-1-18-1,18-Jan-22,P,T,S,PTS,16,3,
357,1,0,Networks-1-18-1,18-Jan-22,P,T,S,PTS,16,3,
3268,6,5.94047619,Networks-1-18-1,18-Jan-22,P,T,S,PTS,16,3,
3303,1,0,Networks-1-18-1,18-Jan-22,P,T,S,PTS,16,3,
3306,7,24.41666667,Networks-1-18-1,18-Jan-22,P,T,S,PTS,16,3,
3333,6,7.69047619,Networks-1-18-1,18-Jan-22,P,T,S,PTS,16,3,
3360,5,5.595238095,Networks-1-18-1,18-Jan-22,P,T,S,PTS,16,3,
3433,5,14.17857143,Networks-1-18-1,18-Jan-22,P,T,S,PTS,16,3,
3471,5,4.69047619,Networks-1-18-1,18-Jan-22,P,T,S,PTS,16,3,
3503,4,2.857142857,Networks-1-18-1,18-Jan-22,P,T,S,PTS,16,3,
3522,5,8.119047619,Networks-1-18-1,18-Jan-22,P,T,S,PTS,16,3,
3562,6,7.511904762,Networks-1-18-1,18-Jan-22,P,T,S,PTS,16,3,
18,1,0,Networks-1-21-1,21-Jan-22,P,T,S,PTS,15,3,
33,5,17.83333333,Networks-1-21-1,21-Jan-22,P,T,S,PTS,15,3,
357,1,0,Networks-1-21-1,21-Jan-22,P,T,S,PTS,15,3,
768,2,10,Networks-1-21-1,21-Jan-22,P,T,S,PTS,15,3,
3235,2,0.833333333,Networks-1-21-1,21-Jan-22,P,T,S,PTS,15,3,
3303,2,2.5,Networks-1-21-1,21-Jan-22,P,T,S,PTS,15,3,
3338,2,4,Networks-1-21-1,21-Jan-22,P,T,S,PTS,15,3,
3430,1,0,Networks-1-21-1,21-Jan-22,P,T,S,PTS,15,3,
3471,3,19.5,Networks-1-21-1,21-Jan-22,P,T,S,PTS,15,3,
3488,4,9.166666667,Networks-1-21-1,21-Jan-22,P,T,S,PTS,15,3,
3503,5,28.16666667,Networks-1-21-1,21-Jan-22,P,T,S,PTS,15,3,
3523,2,0,Networks-1-21-1,21-Jan-22,P,T,S,PTS,15,3,
18,14,10.42837302,Networks-12-27-1,27-Dec-21,C,T,L,CTL,27,3,
77,9,2.262389122,Networks-12-27-1,27-Dec-21,C,T,L,CTL,27,3,
357,5,1.200694444,Networks-12-27-1,27-Dec-21,C,T,L,CTL,27,3,
2783,10,8.159897292,Networks-12-27-1,27-Dec-21,C,T,L,CTL,27,3,
3235,13,6.479651027,Networks-12-27-1,27-Dec-21,C,T,L,CTL,27,3,
3268,11,4.849801587,Networks-12-27-1,27-Dec-21,C,T,L,CTL,27,3,
3279,9,4.04274043,Networks-12-27-1,27-Dec-21,C,T,L,CTL,27,3,
3303,4,0.461111111,Networks-12-27-1,27-Dec-21,C,T,L,CTL,27,3,
3304,7,1.448611111,Networks-12-27-1,27-Dec-21,C,T,L,CTL,27,3,
3306,9,3.447519841,Networks-12-27-1,27-Dec-21,C,T,L,CTL,27,3,
3310,16,12.23619281,Networks-12-27-1,27-Dec-21,C,T,L,CTL,27,3,
3333,19,27.30543884,Networks-12-27-1,27-Dec-21,C,T,L,CTL,27,3,
3343,19,32.17049486,Networks-12-27-1,27-Dec-21,C,T,L,CTL,27,3,
3360,12,5.611700514,Networks-12-27-1,27-Dec-21,C,T,L,CTL,27,3,
3430,11,5.287488329,Networks-12-27-1,27-Dec-21,C,T,L,CTL,27,3,
3433,8,3.572315593,Networks-12-27-1,27-Dec-21,C,T,L,CTL,27,3,
3437,11,7.793434874,Networks-12-27-1,27-Dec-21,C,T,L,CTL,27,3,
3457,8,2.966666667,Networks-12-27-1,27-Dec-21,C,T,L,CTL,27,3,
3471,9,4.235714286,Networks-12-27-1,27-Dec-21,C,T,L,CTL,27,3,
3488,8,2.420634921,Networks-12-27-1,27-Dec-21,C,T,L,CTL,27,3,
3492,4,0.344537815,Networks-12-27-1,27-Dec-21,C,T,L,CTL,27,3,
3503,15,10.90823413,Networks-12-27-1,27-Dec-21,C,T,L,CTL,27,3,
3522,12,7.91219071,Networks-12-27-1,27-Dec-21,C,T,L,CTL,27,3,
3523,13,4.411507937,Networks-12-27-1,27-Dec-21,C,T,L,CTL,27,3,
3562,8,2.04265873,Networks-12-27-1,27-Dec-21,C,T,L,CTL,27,3,
18,6,5.684432234,Networks-12-31-1,31-Dec-21,C,T,L,CTL,27,3,
33,5,4.114260739,Networks-12-31-1,31-Dec-21,C,T,L,CTL,27,3,
77,9,12.02256077,Networks-12-31-1,31-Dec-21,C,T,L,CTL,27,3,
357,7,7.051898102,Networks-12-31-1,31-Dec-21,C,T,L,CTL,27,3,
2783,6,3.814529915,Networks-12-31-1,31-Dec-21,C,T,L,CTL,27,3,
3105,4,2.363929943,Networks-12-31-1,31-Dec-21,C,T,L,CTL,27,3,
3235,4,1,Networks-12-31-1,31-Dec-21,C,T,L,CTL,27,3,
3268,9,9.631023388,Networks-12-31-1,31-Dec-21,C,T,L,CTL,27,3,
3279,9,6.09811463,Networks-12-31-1,31-Dec-21,C,T,L,CTL,27,3,
3303,7,7.294155844,Networks-12-31-1,31-Dec-21,C,T,L,CTL,27,3,
3304,10,11.55364064,Networks-12-31-1,31-Dec-21,C,T,L,CTL,27,3,
3306,12,36.70521864,Networks-12-31-1,31-Dec-21,C,T,L,CTL,27,3,
3333,6,3.58951049,Networks-12-31-1,31-Dec-21,C,T,L,CTL,27,3,
3338,5,2.281751582,Networks-12-31-1,31-Dec-21,C,T,L,CTL,27,3,
3343,16,46.00056749,Networks-12-31-1,31-Dec-21,C,T,L,CTL,27,3,
3360,8,6.938929943,Networks-12-31-1,31-Dec-21,C,T,L,CTL,27,3,
3371,4,1.267065288,Networks-12-31-1,31-Dec-21,C,T,L,CTL,27,3,
3430,6,3.537612388,Networks-12-31-1,31-Dec-21,C,T,L,CTL,27,3,
3433,6,4.189028863,Networks-12-31-1,31-Dec-21,C,T,L,CTL,27,3,
3457,6,5.259133758,Networks-12-31-1,31-Dec-21,C,T,L,CTL,27,3,
3471,10,14.52602953,Networks-12-31-1,31-Dec-21,C,T,L,CTL,27,3,
3488,5,2.279304029,Networks-12-31-1,31-Dec-21,C,T,L,CTL,27,3,
3503,11,19.45141035,Networks-12-31-1,31-Dec-21,C,T,L,CTL,27,3,
3522,10,19.16429681,Networks-12-31-1,31-Dec-21,C,T,L,CTL,27,3,
3523,8,4.309321071,Networks-12-31-1,31-Dec-21,C,T,L,CTL,27,3,
3562,7,4.87227356,Networks-12-31-1,31-Dec-21,C,T,L,CTL,27,3,
1,10,1.199512987,Networks-12-5-1,5-Dec-21,C,B,L,CBL,28,3,
18,19,3.431317294,Networks-12-5-1,5-Dec-21,C,B,L,CBL,28,3,
77,16,3.427572428,Networks-12-5-1,5-Dec-21,C,B,L,CBL,28,3,
357,12,1.487395937,Networks-12-5-1,5-Dec-21,C,B,L,CBL,28,3,
2783,16,3.88208597,Networks-12-5-1,5-Dec-21,C,B,L,CBL,28,3,
2815,12,3.01966922,Networks-12-5-1,5-Dec-21,C,B,L,CBL,28,3,
3235,13,1.313437951,Networks-12-5-1,5-Dec-21,C,B,L,CBL,28,3,
3237,24,7.172736985,Networks-12-5-1,5-Dec-21,C,B,L,CBL,28,3,
3265,25,9.651001776,Networks-12-5-1,5-Dec-21,C,B,L,CBL,28,3,
3268,19,3.059694472,Networks-12-5-1,5-Dec-21,C,B,L,CBL,28,3,
3310,22,6.534017372,Networks-12-5-1,5-Dec-21,C,B,L,CBL,28,3,
3328,18,2.24296953,Networks-12-5-1,5-Dec-21,C,B,L,CBL,28,3,
3329,17,2.630970418,Networks-12-5-1,5-Dec-21,C,B,L,CBL,28,3,
3333,16,3.353095516,Networks-12-5-1,5-Dec-21,C,B,L,CBL,28,3,
3360,19,3.84750111,Networks-12-5-1,5-Dec-21,C,B,L,CBL,28,3,
3428,16,3.281812632,Networks-12-5-1,5-Dec-21,C,B,L,CBL,28,3,
3430,19,4.916508492,Networks-12-5-1,5-Dec-21,C,B,L,CBL,28,3,
3433,16,3.612962038,Networks-12-5-1,5-Dec-21,C,B,L,CBL,28,3,
3437,20,4.611581474,Networks-12-5-1,5-Dec-21,C,B,L,CBL,28,3,
3457,24,8.625178988,Networks-12-5-1,5-Dec-21,C,B,L,CBL,28,3,
3462,22,6.295868021,Networks-12-5-1,5-Dec-21,C,B,L,CBL,28,3,
3467,23,6.801022589,Networks-12-5-1,5-Dec-21,C,B,L,CBL,28,3,
3471,17,2.401043401,Networks-12-5-1,5-Dec-21,C,B,L,CBL,28,3,
3488,17,2.715762016,Networks-12-5-1,5-Dec-21,C,B,L,CBL,28,3,
3492,19,3.400745088,Networks-12-5-1,5-Dec-21,C,B,L,CBL,28,3,
3522,22,5.163952714,Networks-12-5-1,5-Dec-21,C,B,L,CBL,28,3,
3528,26,10.45792818,Networks-12-5-1,5-Dec-21,C,B,L,CBL,28,3,
3562,15,2.4626554,Networks-12-5-1,5-Dec-21,C,B,L,CBL,28,3,
18,2,0,Networks-1-26-1,26-Jan-22,P,T,S,PTS,15,4,
33,1,0,Networks-1-26-1,26-Jan-22,P,T,S,PTS,15,4,
77,1,0,Networks-1-26-1,26-Jan-22,P,T,S,PTS,15,4,
3242,2,0,Networks-1-26-1,26-Jan-22,P,T,S,PTS,15,4,
3245,2,3,Networks-1-26-1,26-Jan-22,P,T,S,PTS,15,4,
3335,2,3,Networks-1-26-1,26-Jan-22,P,T,S,PTS,15,4,
3342,1,0,Networks-1-26-1,26-Jan-22,P,T,S,PTS,15,4,
3374,1,0,Networks-1-26-1,26-Jan-22,P,T,S,PTS,15,4,
3488,1,0,Networks-1-26-1,26-Jan-22,P,T,S,PTS,15,4,
3523,2,4,Networks-1-26-1,26-Jan-22,P,T,S,PTS,15,4,
3562,3,2,Networks-1-26-1,26-Jan-22,P,T,S,PTS,15,4,
1,7,0.628246753,Networks-12-9-1,9-Dec-21,C,T,L,CTL,27,3,
18,19,4.974327062,Networks-12-9-1,9-Dec-21,C,T,L,CTL,27,3,
77,19,5.620841658,Networks-12-9-1,9-Dec-21,C,T,L,CTL,27,3,
357,14,3.121689422,Networks-12-9-1,9-Dec-21,C,T,L,CTL,27,3,
2783,19,5.149113387,Networks-12-9-1,9-Dec-21,C,T,L,CTL,27,3,
2815,17,2.691343379,Networks-12-9-1,9-Dec-21,C,T,L,CTL,27,3,
3235,18,5.934290709,Networks-12-9-1,9-Dec-21,C,T,L,CTL,27,3,
3237,24,10.55804335,Networks-12-9-1,9-Dec-21,C,T,L,CTL,27,3,
3265,20,7.708923021,Networks-12-9-1,9-Dec-21,C,T,L,CTL,27,3,
3268,16,2.520945721,Networks-12-9-1,9-Dec-21,C,T,L,CTL,27,3,
3310,25,15.01365995,Networks-12-9-1,9-Dec-21,C,T,L,CTL,27,3,
3328,19,5.520232545,Networks-12-9-1,9-Dec-21,C,T,L,CTL,27,3,
3329,16,5.652677878,Networks-12-9-1,9-Dec-21,C,T,L,CTL,27,3,
3333,21,8.139212177,Networks-12-9-1,9-Dec-21,C,T,L,CTL,27,3,
3360,19,5.225851926,Networks-12-9-1,9-Dec-21,C,T,L,CTL,27,3,
3428,20,6.933377733,Networks-12-9-1,9-Dec-21,C,T,L,CTL,27,3,
3430,12,2.035094073,Networks-12-9-1,9-Dec-21,C,T,L,CTL,27,3,
3433,17,5.074030137,Networks-12-9-1,9-Dec-21,C,T,L,CTL,27,3,
3437,16,3.159011822,Networks-12-9-1,9-Dec-21,C,T,L,CTL,27,3,
3457,19,8.31001221,Networks-12-9-1,9-Dec-21,C,T,L,CTL,27,3,
3462,11,1.063615551,Networks-12-9-1,9-Dec-21,C,T,L,CTL,27,3,
3467,17,3.891541792,Networks-12-9-1,9-Dec-21,C,T,L,CTL,27,3,
3471,14,2.224451937,Networks-12-9-1,9-Dec-21,C,T,L,CTL,27,3,
3488,10,0.979971417,Networks-12-9-1,9-Dec-21,C,T,L,CTL,27,3,
3492,13,2.621191309,Networks-12-9-1,9-Dec-21,C,T,L,CTL,27,3,
3522,18,5.6122225,Networks-12-9-1,9-Dec-21,C,T,L,CTL,27,3,
3528,20,8.963540626,Networks-12-9-1,9-Dec-21,C,T,L,CTL,27,3,
3562,12,2.67253996,Networks-12-9-1,9-Dec-21,C,T,L,CTL,27,3,
2843,4,1.452380952,Networks-2-23-1,23-Feb-22,P,T,L,PTL,26,5,
2869,4,4.428571429,Networks-2-23-1,23-Feb-22,P,T,L,PTL,26,5,
2874,4,2.952380952,Networks-2-23-1,23-Feb-22,P,T,L,PTL,26,5,
2878,7,34.34285714,Networks-2-23-1,23-Feb-22,P,T,L,PTL,26,5,
2905,2,0,Networks-2-23-1,23-Feb-22,P,T,L,PTL,26,5,
2941,2,0,Networks-2-23-1,23-Feb-22,P,T,L,PTL,26,5,
2960,5,33.78571429,Networks-2-23-1,23-Feb-22,P,T,L,PTL,26,5,
2961,3,2.476190476,Networks-2-23-1,23-Feb-22,P,T,L,PTL,26,5,
2964,1,0,Networks-2-23-1,23-Feb-22,P,T,L,PTL,26,5,
2971,5,18.01904762,Networks-2-23-1,23-Feb-22,P,T,L,PTL,26,5,
2975,2,0.666666667,Networks-2-23-1,23-Feb-22,P,T,L,PTL,26,5,
3031,4,9.119047619,Networks-2-23-1,23-Feb-22,P,T,L,PTL,26,5,
3032,3,25,Networks-2-23-1,23-Feb-22,P,T,L,PTL,26,5,
3033,6,47.6,Networks-2-23-1,23-Feb-22,P,T,L,PTL,26,5,
3063,2,1,Networks-2-23-1,23-Feb-22,P,T,L,PTL,26,5,
3068,1,0,Networks-2-23-1,23-Feb-22,P,T,L,PTL,26,5,
3084,1,0,Networks-2-23-1,23-Feb-22,P,T,L,PTL,26,5,
3085,2,0.85,Networks-2-23-1,23-Feb-22,P,T,L,PTL,26,5,
3095,3,3.019047619,Networks-2-23-1,23-Feb-22,P,T,L,PTL,26,5,
3112,5,9.438095238,Networks-2-23-1,23-Feb-22,P,T,L,PTL,26,5,
3140,11,63.03571429,Networks-2-23-1,23-Feb-22,P,T,L,PTL,26,5,
3151,8,47.03095238,Networks-2-23-1,23-Feb-22,P,T,L,PTL,26,5,
3182,1,0,Networks-2-23-1,23-Feb-22,P,T,L,PTL,26,5,
3202,13,101.4547619,Networks-2-23-1,23-Feb-22,P,T,L,PTL,26,5,
3242,2,0.533333333,Networks-2-23-1,23-Feb-22,P,T,L,PTL,26,5,
3335,5,16.7952381,Networks-2-23-1,23-Feb-22,P,T,L,PTL,26,5,
2811,4,8.366666667,Networks-2-8-1,8-Feb-22,P,T,L,PTL,27,6,
2836,4,1.290909091,Networks-2-8-1,8-Feb-22,P,T,L,PTL,27,6,
2843,2,0.666666667,Networks-2-8-1,8-Feb-22,P,T,L,PTL,27,6,
2869,6,10.36634199,Networks-2-8-1,8-Feb-22,P,T,L,PTL,27,6,
2903,5,4.418831169,Networks-2-8-1,8-Feb-22,P,T,L,PTL,27,6,
2905,7,8.713672439,Networks-2-8-1,8-Feb-22,P,T,L,PTL,27,6,
2934,3,0.25,Networks-2-8-1,8-Feb-22,P,T,L,PTL,27,6,
2964,6,2.025865801,Networks-2-8-1,8-Feb-22,P,T,L,PTL,27,6,
2975,8,17.23210678,Networks-2-8-1,8-Feb-22,P,T,L,PTL,27,6,
2996,11,20.0510101,Networks-2-8-1,8-Feb-22,P,T,L,PTL,27,6,
3033,9,25.65241703,Networks-2-8-1,8-Feb-22,P,T,L,PTL,27,6,
3036,9,12.36446609,Networks-2-8-1,8-Feb-22,P,T,L,PTL,27,6,
3037,3,1.848484848,Networks-2-8-1,8-Feb-22,P,T,L,PTL,27,6,
3059,6,5.851731602,Networks-2-8-1,8-Feb-22,P,T,L,PTL,27,6,
3063,6,7.656818182,Networks-2-8-1,8-Feb-22,P,T,L,PTL,27,6,
3079,11,30.41818182,Networks-2-8-1,8-Feb-22,P,T,L,PTL,27,6,
3085,1,0,Networks-2-8-1,8-Feb-22,P,T,L,PTL,27,6,
3095,4,0.291666667,Networks-2-8-1,8-Feb-22,P,T,L,PTL,27,6,
3107,5,3.304761905,Networks-2-8-1,8-Feb-22,P,T,L,PTL,27,6,
3112,9,22.22582973,Networks-2-8-1,8-Feb-22,P,T,L,PTL,27,6,
3117,5,1.341341991,Networks-2-8-1,8-Feb-22,P,T,L,PTL,27,6,
3136,16,73.78892496,Networks-2-8-1,8-Feb-22,P,T,L,PTL,27,6,
3174,6,6.183008658,Networks-2-8-1,8-Feb-22,P,T,L,PTL,27,6,
3179,9,24.32113997,Networks-2-8-1,8-Feb-22,P,T,L,PTL,27,6,
3202,6,7.169155844,Networks-2-8-1,8-Feb-22,P,T,L,PTL,27,6,
3242,3,0.2,Networks-2-8-1,8-Feb-22,P,T,L,PTL,27,6,
2836,14,28.48891941,Networks-2-9-1,9-Feb-22,P,T,L,PTL,26,7,
2869,7,2.067399267,Networks-2-9-1,9-Feb-22,P,T,L,PTL,26,7,
2874,5,1.491666667,Networks-2-9-1,9-Feb-22,P,T,L,PTL,26,7,
2905,3,0.666666667,Networks-2-9-1,9-Feb-22,P,T,L,PTL,26,7,
2908,8,2.458608059,Networks-2-9-1,9-Feb-22,P,T,L,PTL,26,7,
2941,3,0.25,Networks-2-9-1,9-Feb-22,P,T,L,PTL,26,7,
2960,5,0.902380952,Networks-2-9-1,9-Feb-22,P,T,L,PTL,26,7,
2961,6,6.189102564,Networks-2-9-1,9-Feb-22,P,T,L,PTL,26,7,
2996,4,0.5,Networks-2-9-1,9-Feb-22,P,T,L,PTL,26,7,
3032,9,5.077380952,Networks-2-9-1,9-Feb-22,P,T,L,PTL,26,7,
3033,10,11.90622711,Networks-2-9-1,9-Feb-22,P,T,L,PTL,26,7,
3036,8,2.027380952,Networks-2-9-1,9-Feb-22,P,T,L,PTL,26,7,
3095,3,0.125,Networks-2-9-1,9-Feb-22,P,T,L,PTL,26,7,
3106,8,3.628571429,Networks-2-9-1,9-Feb-22,P,T,L,PTL,26,7,
3107,17,43.02362637,Networks-2-9-1,9-Feb-22,P,T,L,PTL,26,7,
3140,8,3.472893773,Networks-2-9-1,9-Feb-22,P,T,L,PTL,26,7,
3174,14,16.86144689,Networks-2-9-1,9-Feb-22,P,T,L,PTL,26,7,
3179,8,8.826739927,Networks-2-9-1,9-Feb-22,P,T,L,PTL,26,7,
3182,4,0,Networks-2-9-1,9-Feb-22,P,T,L,PTL,26,7,
3242,11,11.93956044,Networks-2-9-1,9-Feb-22,P,T,L,PTL,26,7,
3335,7,1.953571429,Networks-2-9-1,9-Feb-22,P,T,L,PTL,26,7,
3488,4,0.142857143,Networks-2-9-1,9-Feb-22,P,T,L,PTL,26,7,
2878,1,0,Networks-3-4-1,4-Mar-22,P,B,S,PBS,15,5,
2908,4,9.166666667,Networks-3-4-1,4-Mar-22,P,B,S,PBS,15,5,
2960,3,1.083333333,Networks-3-4-1,4-Mar-22,P,B,S,PBS,15,5,
2961,5,17.08333333,Networks-3-4-1,4-Mar-22,P,B,S,PBS,15,5,
3031,3,3,Networks-3-4-1,4-Mar-22,P,B,S,PBS,15,5,
3032,1,0,Networks-3-4-1,4-Mar-22,P,B,S,PBS,15,5,
3068,3,4.583333333,Networks-3-4-1,4-Mar-22,P,B,S,PBS,15,5,
3074,3,3.166666667,Networks-3-4-1,4-Mar-22,P,B,S,PBS,15,5,
3112,1,0,Networks-3-4-1,4-Mar-22,P,B,S,PBS,15,5,
3137,3,2.333333333,Networks-3-4-1,4-Mar-22,P,B,S,PBS,15,5,
3151,2,1.583333333,Networks-3-4-1,4-Mar-22,P,B,S,PBS,15,5,
3182,1,0,Networks-3-4-1,4-Mar-22,P,B,S,PBS,15,5,
2847,1,0,Networks-4-25-1,25-Apr-22,P,B,S,PBS,12,8,
3033,3,6.5,Networks-4-25-1,25-Apr-22,P,B,S,PBS,12,8,
3116,2,1,Networks-4-25-1,25-Apr-22,P,B,S,PBS,12,8,
3169,1,0,Networks-4-25-1,25-Apr-22,P,B,S,PBS,12,8,
3172,1,0,Networks-4-25-1,25-Apr-22,P,B,S,PBS,12,8,
3179,2,1.5,Networks-4-25-1,25-Apr-22,P,B,S,PBS,12,8,
3203,4,10,Networks-4-25-1,25-Apr-22,P,B,S,PBS,12,8,
539,2,0,Networks-5-27-1,27-May-22,C,T,S,CTS,13,9,
630,1,0,Networks-5-27-1,27-May-22,C,T,S,CTS,13,9,
664,2,0,Networks-5-27-1,27-May-22,C,T,S,CTS,13,9,
702,1,0,Networks-5-27-1,27-May-22,C,T,S,CTS,13,9,
3116,2,0,Networks-5-27-1,27-May-22,C,T,S,CTS,13,9,
16,1,0,Networks-5-31-1,31-May-22,C,T,S,CTS,15,10,
418,1,0,Networks-5-31-1,31-May-22,C,T,S,CTS,15,10,
532,1,0,Networks-5-31-1,31-May-22,C,T,S,CTS,15,10,
595,1,0,Networks-5-31-1,31-May-22,C,T,S,CTS,15,10,
702,3,7,Networks-5-31-1,31-May-22,C,T,S,CTS,15,10,
703,2,6,Networks-5-31-1,31-May-22,C,T,S,CTS,15,10,
729,2,4,Networks-5-31-1,31-May-22,C,T,S,CTS,15,10,
822,1,0,Networks-5-31-1,31-May-22,C,T,S,CTS,15,10,
16,6,4.186335404,Networks-6-1-1,1-Jun-22,C,T,L,CTL,28,11,
418,2,1.2,Networks-6-1-1,1-Jun-22,C,T,L,CTL,28,11,
419,9,14.65709978,Networks-6-1-1,1-Jun-22,C,T,L,CTL,28,11,
423,11,14.91822344,Networks-6-1-1,1-Jun-22,C,T,L,CTL,28,11,
428,5,4.079813665,Networks-6-1-1,1-Jun-22,C,T,L,CTL,28,11,
449,9,12.57065109,Networks-6-1-1,1-Jun-22,C,T,L,CTL,28,11,
453,6,6.221428571,Networks-6-1-1,1-Jun-22,C,T,L,CTL,28,11,
539,9,15.51999522,Networks-6-1-1,1-Jun-22,C,T,L,CTL,28,11,
542,6,4.847619048,Networks-6-1-1,1-Jun-22,C,T,L,CTL,28,11,
543,10,15.49469733,Networks-6-1-1,1-Jun-22,C,T,L,CTL,28,11,
570,10,13.87180863,Networks-6-1-1,1-Jun-22,C,T,L,CTL,28,11,
594,5,2.602865613,Networks-6-1-1,1-Jun-22,C,T,L,CTL,28,11,
598,6,14.79298455,Networks-6-1-1,1-Jun-22,C,T,L,CTL,28,11,
605,7,8.297757315,Networks-6-1-1,1-Jun-22,C,T,L,CTL,28,11,
630,6,5.43544137,Networks-6-1-1,1-Jun-22,C,T,L,CTL,28,11,
632,6,5.405842708,Networks-6-1-1,1-Jun-22,C,T,L,CTL,28,11,
666,7,7.037685865,Networks-6-1-1,1-Jun-22,C,T,L,CTL,28,11,
702,8,10.53823351,Networks-6-1-1,1-Jun-22,C,T,L,CTL,28,11,
703,12,23.74597938,Networks-6-1-1,1-Jun-22,C,T,L,CTL,28,11,
729,5,1.708333333,Networks-6-1-1,1-Jun-22,C,T,L,CTL,28,11,
756,7,16.06873706,Networks-6-1-1,1-Jun-22,C,T,L,CTL,28,11,
765,8,15.19226788,Networks-6-1-1,1-Jun-22,C,T,L,CTL,28,11,
795,3,0.45,Networks-6-1-1,1-Jun-22,C,T,L,CTL,28,11,
822,6,4.051190476,Networks-6-1-1,1-Jun-22,C,T,L,CTL,28,11,
2847,8,12.46323857,Networks-6-1-1,1-Jun-22,C,T,L,CTL,28,11,
3116,11,25.64177019,Networks-6-1-1,1-Jun-22,C,T,L,CTL,28,11,
459,8,16.16666667,Networks-6-1-2,1-Jun-22,C,T,S,CTS,15,12,
463,3,0,Networks-6-1-2,1-Jun-22,C,T,S,CTS,15,12,
480,5,2.816666667,Networks-6-1-2,1-Jun-22,C,T,S,CTS,15,12,
600,4,1.166666667,Networks-6-1-2,1-Jun-22,C,T,S,CTS,15,12,
604,4,4.233333333,Networks-6-1-2,1-Jun-22,C,T,S,CTS,15,12,
633,2,0,Networks-6-1-2,1-Jun-22,C,T,S,CTS,15,12,
636,5,2.816666667,Networks-6-1-2,1-Jun-22,C,T,S,CTS,15,12,
722,1,0,Networks-6-1-2,1-Jun-22,C,T,S,CTS,15,12,
758,6,9.5,Networks-6-1-2,1-Jun-22,C,T,S,CTS,15,12,
797,4,1.316666667,Networks-6-1-2,1-Jun-22,C,T,S,CTS,15,12,
819,3,0.816666667,Networks-6-1-2,1-Jun-22,C,T,S,CTS,15,12,
822,7,7.166666667,Networks-6-1-2,1-Jun-22,C,T,S,CTS,15,12,
458,5,12.81666667,Networks-6-13-1,13-Jun-22,P,T,S,PTS,17,13,
459,1,0,Networks-6-13-1,13-Jun-22,P,T,S,PTS,17,13,
542,1,0,Networks-6-13-1,13-Jun-22,P,T,S,PTS,17,13,
599,7,10.06666667,Networks-6-13-1,13-Jun-22,P,T,S,PTS,17,13,
605,5,14.4,Networks-6-13-1,13-Jun-22,P,T,S,PTS,17,13,
633,2,0.333333333,Networks-6-13-1,13-Jun-22,P,T,S,PTS,17,13,
758,7,23.4,Networks-6-13-1,13-Jun-22,P,T,S,PTS,17,13,
765,6,17.83333333,Networks-6-13-1,13-Jun-22,P,T,S,PTS,17,13,
829,5,7.233333333,Networks-6-13-1,13-Jun-22,P,T,S,PTS,17,13,
848,1,0,Networks-6-13-1,13-Jun-22,P,T,S,PTS,17,13,
852,3,0,Networks-6-13-1,13-Jun-22,P,T,S,PTS,17,13,
853,4,16.83333333,Networks-6-13-1,13-Jun-22,P,T,S,PTS,17,13,
880,2,2,Networks-6-13-1,13-Jun-22,P,T,S,PTS,17,13,
1152,1,0,Networks-6-13-1,13-Jun-22,P,T,S,PTS,17,13,
1166,4,1.083333333,Networks-6-13-1,13-Jun-22,P,T,S,PTS,17,13,
3116,8,24,Networks-6-13-1,13-Jun-22,P,T,S,PTS,17,13,
96,8,2.883441558,Networks-6-13-2,13-Jun-22,P,T,S,PTS,17,14,
418,8,2.269047619,Networks-6-13-2,13-Jun-22,P,T,S,PTS,17,14,
423,11,5.802056277,Networks-6-13-2,13-Jun-22,P,T,S,PTS,17,14,
463,4,0.142857143,Networks-6-13-2,13-Jun-22,P,T,S,PTS,17,14,
480,10,3.476298701,Networks-6-13-2,13-Jun-22,P,T,S,PTS,17,14,
543,7,0.601190476,Networks-6-13-2,13-Jun-22,P,T,S,PTS,17,14,
632,7,0.777380952,Networks-6-13-2,13-Jun-22,P,T,S,PTS,17,14,
828,7,1.019047619,Networks-6-13-2,13-Jun-22,P,T,S,PTS,17,14,
888,10,5.301298701,Networks-6-13-2,13-Jun-22,P,T,S,PTS,17,14,
1060,4,0.125,Networks-6-13-2,13-Jun-22,P,T,S,PTS,17,14,
1071,10,5.683874459,Networks-6-13-2,13-Jun-22,P,T,S,PTS,17,14,
1133,9,3.217965368,Networks-6-13-2,13-Jun-22,P,T,S,PTS,17,14,
1162,3,0,Networks-6-13-2,13-Jun-22,P,T,S,PTS,17,14,
2847,10,6.700541126,Networks-6-13-2,13-Jun-22,P,T,S,PTS,17,14,
419,9,3.826190476,Networks-6-14-1,14-Jun-22,P,T,S,PTS,16,15,
422,6,1.916666667,Networks-6-14-1,14-Jun-22,P,T,S,PTS,16,15,
594,9,6.70952381,Networks-6-14-1,14-Jun-22,P,T,S,PTS,16,15,
598,6,0.642857143,Networks-6-14-1,14-Jun-22,P,T,S,PTS,16,15,
604,11,7.719047619,Networks-6-14-1,14-Jun-22,P,T,S,PTS,16,15,
636,6,0.733333333,Networks-6-14-1,14-Jun-22,P,T,S,PTS,16,15,
666,5,0.392857143,Networks-6-14-1,14-Jun-22,P,T,S,PTS,16,15,
819,5,0.30952381,Networks-6-14-1,14-Jun-22,P,T,S,PTS,16,15,
953,5,1.75,Networks-6-14-1,14-Jun-22,P,T,S,PTS,16,15,
976,7,3.076190476,Networks-6-14-1,14-Jun-22,P,T,S,PTS,16,15,
1025,6,1.75952381,Networks-6-14-1,14-Jun-22,P,T,S,PTS,16,15,
1029,4,0.642857143,Networks-6-14-1,14-Jun-22,P,T,S,PTS,16,15,
1070,7,2.176190476,Networks-6-14-1,14-Jun-22,P,T,S,PTS,16,15,
1101,14,20.97619048,Networks-6-14-1,14-Jun-22,P,T,S,PTS,16,15,
1126,10,6.90952381,Networks-6-14-1,14-Jun-22,P,T,S,PTS,16,15,
1163,6,2.45952381,Networks-6-14-1,14-Jun-22,P,T,S,PTS,16,15,
423,5,24.55952381,Networks-6-14-2,14-Jun-22,P,T,L,PTL,28,16,
458,6,8.384343434,Networks-6-14-2,14-Jun-22,P,T,L,PTL,28,16,
459,9,19.36231269,Networks-6-14-2,14-Jun-22,P,T,L,PTL,28,16,
463,3,1.166317016,Networks-6-14-2,14-Jun-22,P,T,L,PTL,28,16,
480,8,7.717279942,Networks-6-14-2,14-Jun-22,P,T,L,PTL,28,16,
594,1,0,Networks-6-14-2,14-Jun-22,P,T,L,PTL,28,16,
599,6,5.245646021,Networks-6-14-2,14-Jun-22,P,T,L,PTL,28,16,
605,9,20.5702492,Networks-6-14-2,14-Jun-22,P,T,L,PTL,28,16,
758,11,20.35728438,Networks-6-14-2,14-Jun-22,P,T,L,PTL,28,16,
765,6,4.226262626,Networks-6-14-2,14-Jun-22,P,T,L,PTL,28,16,
795,2,0.25,Networks-6-14-2,14-Jun-22,P,T,L,PTL,28,16,
829,9,18.97699523,Networks-6-14-2,14-Jun-22,P,T,L,PTL,28,16,
853,4,4.148412698,Networks-6-14-2,14-Jun-22,P,T,L,PTL,28,16,
880,6,3.469080919,Networks-6-14-2,14-Jun-22,P,T,L,PTL,28,16,
888,5,2.258391608,Networks-6-14-2,14-Jun-22,P,T,L,PTL,28,16,
1029,7,7.847077922,Networks-6-14-2,14-Jun-22,P,T,L,PTL,28,16,
1034,4,0.266666667,Networks-6-14-2,14-Jun-22,P,T,L,PTL,28,16,
1057,1,0,Networks-6-14-2,14-Jun-22,P,T,L,PTL,28,16,
1067,7,16.69285714,Networks-6-14-2,14-Jun-22,P,T,L,PTL,28,16,
1070,12,51.64390887,Networks-6-14-2,14-Jun-22,P,T,L,PTL,28,16,
1071,11,34.70945998,Networks-6-14-2,14-Jun-22,P,T,L,PTL,28,16,
1095,6,12.1718254,Networks-6-14-2,14-Jun-22,P,T,L,PTL,28,16,
1127,8,5.053318903,Networks-6-14-2,14-Jun-22,P,T,L,PTL,28,16,
1133,7,26.96666667,Networks-6-14-2,14-Jun-22,P,T,L,PTL,28,16,
1166,12,37.95611888,Networks-6-14-2,14-Jun-22,P,T,L,PTL,28,16,
2847,1,0,Networks-6-14-2,14-Jun-22,P,T,L,PTL,28,16,
463,3,0.242857143,Networks-6-17-1,17-Jun-22,P,T,L,PTL,27,17,
543,10,6.911204482,Networks-6-17-1,17-Jun-22,P,T,L,PTL,27,17,
604,14,19.51170868,Networks-6-17-1,17-Jun-22,P,T,L,PTL,27,17,
632,13,14.49057854,Networks-6-17-1,17-Jun-22,P,T,L,PTL,27,17,
633,9,3.278851541,Networks-6-17-1,17-Jun-22,P,T,L,PTL,27,17,
636,8,2.328827839,Networks-6-17-1,17-Jun-22,P,T,L,PTL,27,17,
756,8,2.72978022,Networks-6-17-1,17-Jun-22,P,T,L,PTL,27,17,
765,1,0,Networks-6-17-1,17-Jun-22,P,T,L,PTL,27,17,
795,7,1.575238095,Networks-6-17-1,17-Jun-22,P,T,L,PTL,27,17,
819,13,8.011488903,Networks-6-17-1,17-Jun-22,P,T,L,PTL,27,17,
828,10,5.993351648,Networks-6-17-1,17-Jun-22,P,T,L,PTL,27,17,
848,14,28.03391187,Networks-6-17-1,17-Jun-22,P,T,L,PTL,27,17,
867,9,3.362380952,Networks-6-17-1,17-Jun-22,P,T,L,PTL,27,17,
1025,10,4.304808231,Networks-6-17-1,17-Jun-22,P,T,L,PTL,27,17,
1094,14,18.6459944,Networks-6-17-1,17-Jun-22,P,T,L,PTL,27,17,
1123,6,0.751428571,Networks-6-17-1,17-Jun-22,P,T,L,PTL,27,17,
1126,6,1.052413273,Networks-6-17-1,17-Jun-22,P,T,L,PTL,27,17,
1152,9,7.41675501,Networks-6-17-1,17-Jun-22,P,T,L,PTL,27,17,
1153,7,3.016923077,Networks-6-17-1,17-Jun-22,P,T,L,PTL,27,17,
1163,8,2.078127559,Networks-6-17-1,17-Jun-22,P,T,L,PTL,27,17,
2847,5,20.27692308,Networks-6-17-1,17-Jun-22,P,T,L,PTL,27,17,
3116,6,0.986446886,Networks-6-17-1,17-Jun-22,P,T,L,PTL,27,17,
16,7,6.925396825,Networks-6-2-1,2-Jun-22,C,T,L,CTL,28,18,
75,5,0.476190476,Networks-6-2-1,2-Jun-22,C,T,L,CTL,28,18,
423,12,33.79300144,Networks-6-2-1,2-Jun-22,C,T,L,CTL,28,18,
449,4,4.224481074,Networks-6-2-1,2-Jun-22,C,T,L,CTL,28,18,
459,8,11.6464036,Networks-6-2-1,2-Jun-22,C,T,L,CTL,28,18,
463,3,1.226190476,Networks-6-2-1,2-Jun-22,C,T,L,CTL,28,18,
495,2,0.2,Networks-6-2-1,2-Jun-22,C,T,L,CTL,28,18,
532,5,3.570707071,Networks-6-2-1,2-Jun-22,C,T,L,CTL,28,18,
539,3,0.333333333,Networks-6-2-1,2-Jun-22,C,T,L,CTL,28,18,
542,2,1.076923077,Networks-6-2-1,2-Jun-22,C,T,L,CTL,28,18,
560,10,23.19648685,Networks-6-2-1,2-Jun-22,C,T,L,CTL,28,18,
570,8,9.084221334,Networks-6-2-1,2-Jun-22,C,T,L,CTL,28,18,
594,11,33.55994283,Networks-6-2-1,2-Jun-22,C,T,L,CTL,28,18,
598,9,9.910064935,Networks-6-2-1,2-Jun-22,C,T,L,CTL,28,18,
600,6,18.79200244,Networks-6-2-1,2-Jun-22,C,T,L,CTL,28,18,
604,11,32.27204185,Networks-6-2-1,2-Jun-22,C,T,L,CTL,28,18,
605,3,1.399206349,Networks-6-2-1,2-Jun-22,C,T,L,CTL,28,18,
630,4,7.883333333,Networks-6-2-1,2-Jun-22,C,T,L,CTL,28,18,
633,5,6.130735931,Networks-6-2-1,2-Jun-22,C,T,L,CTL,28,18,
703,8,6.12980908,Networks-6-2-1,2-Jun-22,C,T,L,CTL,28,18,
758,4,4.81025641,Networks-6-2-1,2-Jun-22,C,T,L,CTL,28,18,
765,9,8.43032523,Networks-6-2-1,2-Jun-22,C,T,L,CTL,28,18,
795,4,2.654473304,Networks-6-2-1,2-Jun-22,C,T,L,CTL,28,18,
819,7,13.49560717,Networks-6-2-1,2-Jun-22,C,T,L,CTL,28,18,
822,12,52.52297425,Networks-6-2-1,2-Jun-22,C,T,L,CTL,28,18,
3843,4,5.255891331,Networks-6-2-1,2-Jun-22,C,T,L,CTL,28,18,
75,5,1.330546265,Networks-6-21-1,21-Jun-22,P,T,L,PTL,27,19,
96,11,8.152198817,Networks-6-21-1,21-Jun-22,P,T,L,PTL,27,19,
384,8,4.869178229,Networks-6-21-1,21-Jun-22,P,T,L,PTL,27,19,
459,8,10.16802203,Networks-6-21-1,21-Jun-22,P,T,L,PTL,27,19,
463,3,0.663585434,Networks-6-21-1,21-Jun-22,P,T,L,PTL,27,19,
480,12,15.69375447,Networks-6-21-1,21-Jun-22,P,T,L,PTL,27,19,
542,5,3.404866375,Networks-6-21-1,21-Jun-22,P,T,L,PTL,27,19,
594,7,4.76529304,Networks-6-21-1,21-Jun-22,P,T,L,PTL,27,19,
604,6,1.41978022,Networks-6-21-1,21-Jun-22,P,T,L,PTL,27,19,
637,10,9.374645453,Networks-6-21-1,21-Jun-22,P,T,L,PTL,27,19,
736,9,9.23769727,Networks-6-21-1,21-Jun-22,P,T,L,PTL,27,19,
756,10,12.72654636,Networks-6-21-1,21-Jun-22,P,T,L,PTL,27,19,
758,10,6.307697226,Networks-6-21-1,21-Jun-22,P,T,L,PTL,27,19,
819,12,18.79505513,Networks-6-21-1,21-Jun-22,P,T,L,PTL,27,19,
849,12,19.725539,Networks-6-21-1,21-Jun-22,P,T,L,PTL,27,19,
1070,7,3.812989625,Networks-6-21-1,21-Jun-22,P,T,L,PTL,27,19,
1095,9,11.35185487,Networks-6-21-1,21-Jun-22,P,T,L,PTL,27,19,
1126,7,6.559114741,Networks-6-21-1,21-Jun-22,P,T,L,PTL,27,19,
1127,17,31.49193801,Networks-6-21-1,21-Jun-22,P,T,L,PTL,27,19,
1132,9,7.527289079,Networks-6-21-1,21-Jun-22,P,T,L,PTL,27,19,
1133,9,5.826805895,Networks-6-21-1,21-Jun-22,P,T,L,PTL,27,19,
1156,9,9.451192286,Networks-6-21-1,21-Jun-22,P,T,L,PTL,27,19,
1163,6,2.421861472,Networks-6-21-1,21-Jun-22,P,T,L,PTL,27,19,
2847,6,2.447212932,Networks-6-21-1,21-Jun-22,P,T,L,PTL,27,19,
3116,5,4.475335775,Networks-6-21-1,21-Jun-22,P,T,L,PTL,27,19,
423,3,0.833333333,Networks-6-21-2,21-Jun-22,P,B,S,PBS,16,20,
598,4,3.166666667,Networks-6-21-2,21-Jun-22,P,B,S,PBS,16,20,
666,2,0,Networks-6-21-2,21-Jun-22,P,B,S,PBS,16,20,
828,2,0,Networks-6-21-2,21-Jun-22,P,B,S,PBS,16,20,
867,5,5.833333333,Networks-6-21-2,21-Jun-22,P,B,S,PBS,16,20,
888,7,15,Networks-6-21-2,21-Jun-22,P,B,S,PBS,16,20,
914,4,3.666666667,Networks-6-21-2,21-Jun-22,P,B,S,PBS,16,20,
1029,2,0,Networks-6-21-2,21-Jun-22,P,B,S,PBS,16,20,
1071,4,4,Networks-6-21-2,21-Jun-22,P,B,S,PBS,16,20,
1166,3,0.5,Networks-6-21-2,21-Jun-22,P,B,S,PBS,16,20,
480,8,1.833333333,Networks-6-21-3,21-Jun-22,P,B,S,PBS,16,19,
542,3,0.533333333,Networks-6-21-3,21-Jun-22,P,B,S,PBS,16,19,
637,7,1.233333333,Networks-6-21-3,21-Jun-22,P,B,S,PBS,16,19,
765,1,0,Networks-6-21-3,21-Jun-22,P,B,S,PBS,16,19,
795,1,0,Networks-6-21-3,21-Jun-22,P,B,S,PBS,16,19,
819,6,0.816666667,Networks-6-21-3,21-Jun-22,P,B,S,PBS,16,19,
849,7,5.5,Networks-6-21-3,21-Jun-22,P,B,S,PBS,16,19,
1070,8,5.283333333,Networks-6-21-3,21-Jun-22,P,B,S,PBS,16,19,
1101,7,3.45,Networks-6-21-3,21-Jun-22,P,B,S,PBS,16,19,
1127,7,1.033333333,Networks-6-21-3,21-Jun-22,P,B,S,PBS,16,19,
1133,8,1.883333333,Networks-6-21-3,21-Jun-22,P,B,S,PBS,16,19,
1152,7,3.383333333,Networks-6-21-3,21-Jun-22,P,B,S,PBS,16,19,
2847,6,1.016666667,Networks-6-21-3,21-Jun-22,P,B,S,PBS,16,19,
3116,4,1.033333333,Networks-6-21-3,21-Jun-22,P,B,S,PBS,16,19,
419,3,0,Networks-6-22-1,22-Jun-22,P,B,S,PBS,16,21,
422,4,4,Networks-6-22-1,22-Jun-22,P,B,S,PBS,16,21,
636,7,14,Networks-6-22-1,22-Jun-22,P,B,S,PBS,16,21,
722,5,9.5,Networks-6-22-1,22-Jun-22,P,B,S,PBS,16,21,
853,4,2.5,Networks-6-22-1,22-Jun-22,P,B,S,PBS,16,21,
951,3,3,Networks-6-22-1,22-Jun-22,P,B,S,PBS,16,21,
1028,2,0,Networks-6-22-1,22-Jun-22,P,B,S,PBS,16,21,
1057,2,0.5,Networks-6-22-1,22-Jun-22,P,B,S,PBS,16,21,
1094,1,0,Networks-6-22-1,22-Jun-22,P,B,S,PBS,16,21,
1123,3,1.5,Networks-6-22-1,22-Jun-22,P,B,S,PBS,16,21,
419,7,5.556060606,Networks-6-22-2,22-Jun-22,P,B,L,PBL,27,19,
480,6,3.336097236,Networks-6-22-2,22-Jun-22,P,B,L,PBL,27,19,
542,4,0.521428571,Networks-6-22-2,22-Jun-22,P,B,L,PBL,27,19,
594,4,1.425274725,Networks-6-22-2,22-Jun-22,P,B,L,PBL,27,19,
599,9,9.575357975,Networks-6-22-2,22-Jun-22,P,B,L,PBL,27,19,
604,9,9.188344988,Networks-6-22-2,22-Jun-22,P,B,L,PBL,27,19,
636,7,5.575840826,Networks-6-22-2,22-Jun-22,P,B,L,PBL,27,19,
756,6,4.940909091,Networks-6-22-2,22-Jun-22,P,B,L,PBL,27,19,
758,5,1.714285714,Networks-6-22-2,22-Jun-22,P,B,L,PBL,27,19,
819,7,3.718864469,Networks-6-22-2,22-Jun-22,P,B,L,PBL,27,19,
921,8,5.345621046,Networks-6-22-2,22-Jun-22,P,B,L,PBL,27,19,
1028,8,8.552380952,Networks-6-22-2,22-Jun-22,P,B,L,PBL,27,19,
1095,5,1.5,Networks-6-22-2,22-Jun-22,P,B,L,PBL,27,19,
1126,11,18.84353979,Networks-6-22-2,22-Jun-22,P,B,L,PBL,27,19,
1127,8,4.924358974,Networks-6-22-2,22-Jun-22,P,B,L,PBL,27,19,
1132,4,0.988095238,Networks-6-22-2,22-Jun-22,P,B,L,PBL,27,19,
1156,7,6.130769231,Networks-6-22-2,22-Jun-22,P,B,L,PBL,27,19,
1166,7,4.162770563,Networks-6-22-2,22-Jun-22,P,B,L,PBL,27,19,
419,6,12.23333333,Networks-6-24-1,24-Jun-22,P,B,L,PBL,27,19,
480,11,10.38333333,Networks-6-24-1,24-Jun-22,P,B,L,PBL,27,19,
594,1,0,Networks-6-24-1,24-Jun-22,P,B,L,PBL,27,19,
604,7,3.55,Networks-6-24-1,24-Jun-22,P,B,L,PBL,27,19,
636,9,19.85,Networks-6-24-1,24-Jun-22,P,B,L,PBL,27,19,
722,8,1.55,Networks-6-24-1,24-Jun-22,P,B,L,PBL,27,19,
756,9,8.35,Networks-6-24-1,24-Jun-22,P,B,L,PBL,27,19,
795,3,0.25,Networks-6-24-1,24-Jun-22,P,B,L,PBL,27,19,
819,6,4.233333333,Networks-6-24-1,24-Jun-22,P,B,L,PBL,27,19,
1057,3,0.5,Networks-6-24-1,24-Jun-22,P,B,L,PBL,27,19,
1071,7,5.133333333,Networks-6-24-1,24-Jun-22,P,B,L,PBL,27,19,
1095,6,3.483333333,Networks-6-24-1,24-Jun-22,P,B,L,PBL,27,19,
1126,7,2.416666667,Networks-6-24-1,24-Jun-22,P,B,L,PBL,27,19,
1127,4,1.283333333,Networks-6-24-1,24-Jun-22,P,B,L,PBL,27,19,
1132,10,10.38333333,Networks-6-24-1,24-Jun-22,P,B,L,PBL,27,19,
1156,8,2.983333333,Networks-6-24-1,24-Jun-22,P,B,L,PBL,27,19,
3116,3,15.41666667,Networks-6-24-1,24-Jun-22,P,B,L,PBL,27,19,
423,11,14.72777778,Networks-6-24-2,24-Jun-22,P,B,L,PBL,28,20,
458,8,4.766666667,Networks-6-24-2,24-Jun-22,P,B,L,PBL,28,20,
543,12,15.13611111,Networks-6-24-2,24-Jun-22,P,B,L,PBL,28,20,
594,8,5.797222222,Networks-6-24-2,24-Jun-22,P,B,L,PBL,28,20,
604,13,21.48888889,Networks-6-24-2,24-Jun-22,P,B,L,PBL,28,20,
636,7,3.916666667,Networks-6-24-2,24-Jun-22,P,B,L,PBL,28,20,
756,6,2.308333333,Networks-6-24-2,24-Jun-22,P,B,L,PBL,28,20,
758,8,5.886111111,Networks-6-24-2,24-Jun-22,P,B,L,PBL,28,20,
795,4,0.416666667,Networks-6-24-2,24-Jun-22,P,B,L,PBL,28,20,
819,5,1.033333333,Networks-6-24-2,24-Jun-22,P,B,L,PBL,28,20,
829,5,0.833333333,Networks-6-24-2,24-Jun-22,P,B,L,PBL,28,20,
848,4,0.416666667,Networks-6-24-2,24-Jun-22,P,B,L,PBL,28,20,
853,9,5.041666667,Networks-6-24-2,24-Jun-22,P,B,L,PBL,28,20,
867,6,1.819444444,Networks-6-24-2,24-Jun-22,P,B,L,PBL,28,20,
951,7,5.847222222,Networks-6-24-2,24-Jun-22,P,B,L,PBL,28,20,
1039,3,0.166666667,Networks-6-24-2,24-Jun-22,P,B,L,PBL,28,20,
1057,6,1.716666667,Networks-6-24-2,24-Jun-22,P,B,L,PBL,28,20,
1094,6,1.680555556,Networks-6-24-2,24-Jun-22,P,B,L,PBL,28,20,
458,2,5.666666667,Networks-6-3-1,3-Jun-22,C,T,L,CTL,27,21,
528,4,9.7,Networks-6-3-1,3-Jun-22,C,T,L,CTL,27,21,
561,3,21.82619048,Networks-6-3-1,3-Jun-22,C,T,L,CTL,27,21,
601,4,23.56666667,Networks-6-3-1,3-Jun-22,C,T,L,CTL,27,21,
637,3,11.46666667,Networks-6-3-1,3-Jun-22,C,T,L,CTL,27,21,
726,5,41.10238095,Networks-6-3-1,3-Jun-22,C,T,L,CTL,27,21,
761,2,3.702380952,Networks-6-3-1,3-Jun-22,C,T,L,CTL,27,21,
796,4,35,Networks-6-3-1,3-Jun-22,C,T,L,CTL,27,21,
818,5,21.87619048,Networks-6-3-1,3-Jun-22,C,T,L,CTL,27,21,
825,2,0,Networks-6-3-1,3-Jun-22,C,T,L,CTL,27,21,
828,3,14.43333333,Networks-6-3-1,3-Jun-22,C,T,L,CTL,27,21,
829,2,4.083333333,Networks-6-3-1,3-Jun-22,C,T,L,CTL,27,21,
848,2,3.5,Networks-6-3-1,3-Jun-22,C,T,L,CTL,27,21,
852,1,0,Networks-6-3-1,3-Jun-22,C,T,L,CTL,27,21,
853,1,0,Networks-6-3-1,3-Jun-22,C,T,L,CTL,27,21,
858,5,56.7452381,Networks-6-3-1,3-Jun-22,C,T,L,CTL,27,21,
863,6,51.85952381,Networks-6-3-1,3-Jun-22,C,T,L,CTL,27,21,
867,4,32.66190476,Networks-6-3-1,3-Jun-22,C,T,L,CTL,27,21,
880,2,7.066666667,Networks-6-3-1,3-Jun-22,C,T,L,CTL,27,21,
881,2,0,Networks-6-3-1,3-Jun-22,C,T,L,CTL,27,21,
885,3,7.583333333,Networks-6-3-1,3-Jun-22,C,T,L,CTL,27,21,
888,2,3.702380952,Networks-6-3-1,3-Jun-22,C,T,L,CTL,27,21,
894,8,112.9571429,Networks-6-3-1,3-Jun-22,C,T,L,CTL,27,21,
895,4,12.5,Networks-6-3-1,3-Jun-22,C,T,L,CTL,27,21,
914,1,0,Networks-6-3-1,3-Jun-22,C,T,L,CTL,27,21,
418,4,0.2,Networks-6-6-1,6-Jun-22,C,B,S,CBS,17,22,
453,13,25.16666667,Networks-6-6-1,6-Jun-22,C,B,S,CBS,17,22,
463,2,0,Networks-6-6-1,6-Jun-22,C,B,S,CBS,17,22,
512,4,0.2,Networks-6-6-1,6-Jun-22,C,B,S,CBS,17,22,
542,5,0,Networks-6-6-1,6-Jun-22,C,B,S,CBS,17,22,
543,10,8.544444444,Networks-6-6-1,6-Jun-22,C,B,S,CBS,17,22,
601,8,2.838888889,Networks-6-6-1,6-Jun-22,C,B,S,CBS,17,22,
637,7,3.733333333,Networks-6-6-1,6-Jun-22,C,B,S,CBS,17,22,
703,5,0,Networks-6-6-1,6-Jun-22,C,B,S,CBS,17,22,
729,2,0,Networks-6-6-1,6-Jun-22,C,B,S,CBS,17,22,
765,3,0,Networks-6-6-1,6-Jun-22,C,B,S,CBS,17,22,
852,12,17.52222222,Networks-6-6-1,6-Jun-22,C,B,S,CBS,17,22,
881,6,3,Networks-6-6-1,6-Jun-22,C,B,S,CBS,17,22,
894,8,6.038888889,Networks-6-6-1,6-Jun-22,C,B,S,CBS,17,22,
2847,7,1.172222222,Networks-6-6-1,6-Jun-22,C,B,S,CBS,17,22,
3116,8,3.583333333,Networks-6-6-1,6-Jun-22,C,B,S,CBS,17,22,
458,3,0.333333333,Networks-6-6-2,6-Jun-22,C,B,S,CBS,16,23,
495,7,27.8,Networks-6-6-2,6-Jun-22,C,B,S,CBS,16,23,
539,4,17.06666667,Networks-6-6-2,6-Jun-22,C,B,S,CBS,16,23,
594,3,0.833333333,Networks-6-6-2,6-Jun-22,C,B,S,CBS,16,23,
605,5,9.833333333,Networks-6-6-2,6-Jun-22,C,B,S,CBS,16,23,
630,5,11.7,Networks-6-6-2,6-Jun-22,C,B,S,CBS,16,23,
633,4,2.666666667,Networks-6-6-2,6-Jun-22,C,B,S,CBS,16,23,
795,3,4.833333333,Networks-6-6-2,6-Jun-22,C,B,S,CBS,16,23,
822,1,0,Networks-6-6-2,6-Jun-22,C,B,S,CBS,16,23,
825,4,6.533333333,Networks-6-6-2,6-Jun-22,C,B,S,CBS,16,23,
853,4,7.666666667,Networks-6-6-2,6-Jun-22,C,B,S,CBS,16,23,
1162,2,0.7,Networks-6-6-2,6-Jun-22,C,B,S,CBS,16,23,
1166,2,0,Networks-6-6-2,6-Jun-22,C,B,S,CBS,16,23,
1167,3,1.033333333,Networks-6-6-2,6-Jun-22,C,B,S,CBS,16,23,
419,5,4.25,Networks-6-7-1,7-Jun-22,C,B,S,CBS,15,24,
422,3,8,Networks-6-7-1,7-Jun-22,C,B,S,CBS,15,24,
459,4,2.083333333,Networks-6-7-1,7-Jun-22,C,B,S,CBS,15,24,
570,6,13.41666667,Networks-6-7-1,7-Jun-22,C,B,S,CBS,15,24,
598,3,0.25,Networks-6-7-1,7-Jun-22,C,B,S,CBS,15,24,
599,5,6.833333333,Networks-6-7-1,7-Jun-22,C,B,S,CBS,15,24,
632,4,1.666666667,Networks-6-7-1,7-Jun-22,C,B,S,CBS,15,24,
666,1,0,Networks-6-7-1,7-Jun-22,C,B,S,CBS,15,24,
828,3,1.5,Networks-6-7-1,7-Jun-22,C,B,S,CBS,15,24,
888,2,0,Networks-6-7-1,7-Jun-22,C,B,S,CBS,15,24,
428,10,4.733333333,Networks-6-7-2,7-Jun-22,C,B,L,CBL,27,25,
458,14,9.531385281,Networks-6-7-2,7-Jun-22,C,B,L,CBL,27,25,
480,15,10.07854645,Networks-6-7-2,7-Jun-22,C,B,L,CBL,27,25,
604,15,12.02900433,Networks-6-7-2,7-Jun-22,C,B,L,CBL,27,25,
605,9,3.692099567,Networks-6-7-2,7-Jun-22,C,B,L,CBL,27,25,
630,6,0.90995671,Networks-6-7-2,7-Jun-22,C,B,L,CBL,27,25,
692,6,0.793290043,Networks-6-7-2,7-Jun-22,C,B,L,CBL,27,25,
756,15,12.96664169,Networks-6-7-2,7-Jun-22,C,B,L,CBL,27,25,
758,9,2.898784549,Networks-6-7-2,7-Jun-22,C,B,L,CBL,27,25,
819,11,7.381684982,Networks-6-7-2,7-Jun-22,C,B,L,CBL,27,25,
829,13,8.911879787,Networks-6-7-2,7-Jun-22,C,B,L,CBL,27,25,
849,11,5.736446886,Networks-6-7-2,7-Jun-22,C,B,L,CBL,27,25,
853,7,4.804761905,Networks-6-7-2,7-Jun-22,C,B,L,CBL,27,25,
867,9,2.613827839,Networks-6-7-2,7-Jun-22,C,B,L,CBL,27,25,
894,12,11.5257326,Networks-6-7-2,7-Jun-22,C,B,L,CBL,27,25,
914,12,5.909065934,Networks-6-7-2,7-Jun-22,C,B,L,CBL,27,25,
1132,13,5.97973693,Networks-6-7-2,7-Jun-22,C,B,L,CBL,27,25,
1133,9,4.587637363,Networks-6-7-2,7-Jun-22,C,B,L,CBL,27,25,
1153,5,1.102380952,Networks-6-7-2,7-Jun-22,C,B,L,CBL,27,25,
1156,12,6.91547619,Networks-6-7-2,7-Jun-22,C,B,L,CBL,27,25,
1163,12,7.916208791,Networks-6-7-2,7-Jun-22,C,B,L,CBL,27,25,
1166,8,0.346403596,Networks-6-7-2,7-Jun-22,C,B,L,CBL,27,25,
1167,7,2.635714286,Networks-6-7-2,7-Jun-22,C,B,L,CBL,27,25,
419,9,6.719189797,Networks-6-8-1,8-Jun-22,C,B,L,CBL,26,26,
458,10,6.013492063,Networks-6-8-1,8-Jun-22,C,B,L,CBL,26,26,
561,13,10.55912698,Networks-6-8-1,8-Jun-22,C,B,L,CBL,26,26,
637,12,5.331081827,Networks-6-8-1,8-Jun-22,C,B,L,CBL,26,26,
666,8,5.090921823,Networks-6-8-1,8-Jun-22,C,B,L,CBL,26,26,
703,12,6.610843731,Networks-6-8-1,8-Jun-22,C,B,L,CBL,26,26,
756,14,9.36930651,Networks-6-8-1,8-Jun-22,C,B,L,CBL,26,26,
795,8,7.221188779,Networks-6-8-1,8-Jun-22,C,B,L,CBL,26,26,
797,15,17.83623207,Networks-6-8-1,8-Jun-22,C,B,L,CBL,26,26,
828,8,3.219970716,Networks-6-8-1,8-Jun-22,C,B,L,CBL,26,26,
880,7,1.031349206,Networks-6-8-1,8-Jun-22,C,B,L,CBL,26,26,
895,7,3.963540871,Networks-6-8-1,8-Jun-22,C,B,L,CBL,26,26,
918,6,0.9754329,Networks-6-8-1,8-Jun-22,C,B,L,CBL,26,26,
919,15,12.59948646,Networks-6-8-1,8-Jun-22,C,B,L,CBL,26,26,
1097,11,6.890266106,Networks-6-8-1,8-Jun-22,C,B,L,CBL,26,26,
1101,13,6.59457389,Networks-6-8-1,8-Jun-22,C,B,L,CBL,26,26,
1122,7,1.75,Networks-6-8-1,8-Jun-22,C,B,L,CBL,26,26,
1123,10,2.573412698,Networks-6-8-1,8-Jun-22,C,B,L,CBL,26,26,
1126,11,4.515266106,Networks-6-8-1,8-Jun-22,C,B,L,CBL,26,26,
1127,4,1.333333333,Networks-6-8-1,8-Jun-22,C,B,L,CBL,26,26,
1129,9,3.137301587,Networks-6-8-1,8-Jun-22,C,B,L,CBL,26,26,
1157,9,1.66468254,Networks-6-8-1,8-Jun-22,C,B,L,CBL,26,26,
422,4,4.588888889,Networks-6-9-1,9-Jun-22,C,B,L,CBL,27,27,
542,7,7.288924964,Networks-6-9-1,9-Jun-22,C,B,L,CBL,27,27,
543,6,6.728968254,Networks-6-9-1,9-Jun-22,C,B,L,CBL,27,27,
605,7,5.978643579,Networks-6-9-1,9-Jun-22,C,B,L,CBL,27,27,
633,7,16.05873016,Networks-6-9-1,9-Jun-22,C,B,L,CBL,27,27,
637,7,7.892099567,Networks-6-9-1,9-Jun-22,C,B,L,CBL,27,27,
703,13,41.94310967,Networks-6-9-1,9-Jun-22,C,B,L,CBL,27,27,
729,2,0,Networks-6-9-1,9-Jun-22,C,B,L,CBL,27,27,
758,3,2.758008658,Networks-6-9-1,9-Jun-22,C,B,L,CBL,27,27,
765,7,14.56948052,Networks-6-9-1,9-Jun-22,C,B,L,CBL,27,27,
819,9,13.99686147,Networks-6-9-1,9-Jun-22,C,B,L,CBL,27,27,
852,9,19.39372294,Networks-6-9-1,9-Jun-22,C,B,L,CBL,27,27,
853,3,1.078968254,Networks-6-9-1,9-Jun-22,C,B,L,CBL,27,27,
881,2,0,Networks-6-9-1,9-Jun-22,C,B,L,CBL,27,27,
888,4,0.567099567,Networks-6-9-1,9-Jun-22,C,B,L,CBL,27,27,
1123,8,13.67619048,Networks-6-9-1,9-Jun-22,C,B,L,CBL,27,27,
1129,5,5.237301587,Networks-6-9-1,9-Jun-22,C,B,L,CBL,27,27,
1133,4,1.828968254,Networks-6-9-1,9-Jun-22,C,B,L,CBL,27,27,
1152,7,12.19960317,Networks-6-9-1,9-Jun-22,C,B,L,CBL,27,27,
1157,5,7.358766234,Networks-6-9-1,9-Jun-22,C,B,L,CBL,27,27,
1166,6,5.066666667,Networks-6-9-1,9-Jun-22,C,B,L,CBL,27,27,
1167,10,27.08344156,Networks-6-9-1,9-Jun-22,C,B,L,CBL,27,27,
2847,3,1.705555556,Networks-6-9-1,9-Jun-22,C,B,L,CBL,27,27,
